日付,時,分,インプレッション,エンゲージメント,エンゲージメント率,リポスト,返信,いいね,ユーザープロフィールクリック,URLクリック数,ハッシュタグクリック,詳細クリック,固定リンクのクリック数,アプリ表示,アプリインストール,フォローしている,ポストをメール送信,ダイアル式電話,メディアの再生数,メディアのエンゲージメント数
2021/01/01,20,31,276,16,0.057971014,1,0,14,0,0,0,1,0,0,0,0,0,0,0,0
2021/01/04,20,27,20,9,0.45,0,0,5,0,4,0,0,0,0,0,0,0,0,0,0
2021/01/05,17,6,18,6,0.333333333,0,0,5,0,1,0,0,0,0,0,0,0,0,0,0
2021/01/06,18,8,22,8,0.363636364,1,1,2,0,3,0,1,0,0,0,0,0,0,0,0
2021/01/06,20,34,46,4,0.086956522,0,0,2,0,0,0,1,0,0,0,0,0,0,1,1
2021/01/07,17,14,14,4,0.285714286,0,0,3,0,1,0,0,0,0,0,0,0,0,0,0
2021/01/08,17,27,18,8,0.444444444,0,0,6,0,2,0,0,0,0,0,0,0,0,0,0
2021/01/09,19,8,23,7,0.304347826,0,0,6,0,1,0,0,0,0,0,0,0,0,0,0
2021/01/09,19,20,22,6,0.272727273,0,0,6,0,0,0,0,0,0,0,0,0,0,0,0
2021/01/11,17,28,459,117,0.254901961,25,0,90,0,0,1,1,0,0,0,0,0,0,0,0
2021/01/11,21,46,0,1,Infinity,0,1,0,0,0,0,0,0,0,0,0,0,0,0,0
2021/01/11,21,50,1,1,1,0,1,0,0,0,0,0,0,0,0,0,0,0,0,0
2021/01/11,22,13,6,3,0.5,0,1,1,1,0,0,0,0,0,0,0,0,0,0,0
2021/01/11,22,15,1,1,1,0,0,1,0,0,0,0,0,0,0,0,0,0,0,0
2021/01/11,22,20,2,2,1,0,1,1,0,0,0,0,0,0,0,0,0,0,0,0
2021/01/13,13,23,15,9,0.6,0,0,9,0,0,0,0,0,0,0,0,0,0,0,0
2021/01/13,19,35,77,112,1.454545455,15,0,89,6,2,0,0,0,0,0,0,0,0,0,0
2021/01/13,21,50,4,2,0.5,0,1,1,0,0,0,0,0,0,0,0,0,0,0,0
2021/01/13,22,1,28,3,0.107142857,0,1,2,0,0,0,0,0,0,0,0,0,0,0,0
2021/01/15,11,50,12,0,0,0,0,0,0,0,0,0,0,0,0,0,0,0,0,0
2021/01/15,19,50,17,86,5.058823529,23,0,62,0,1,0,0,0,0,0,0,0,0,0,0
2021/01/16,9,43,19,5,0.263157895,0,0,5,0,0,0,0,0,0,0,0,0,0,0,0
2021/01/16,11,31,460,251,0.545652174,48,3,170,9,0,0,9,0,0,0,0,0,0,104,12
2021/01/16,15,31,16,1,0.0625,0,1,0,0,0,0,0,0,0,0,0,0,0,0,0
2021/01/17,15,23,13,7,0.538461538,0,0,7,0,0,0,0,0,0,0,0,0,0,0,0
2021/01/18,11,34,39,59,1.512820513,18,0,41,0,0,0,0,0,0,0,0,0,0,0,0
2021/01/18,23,29,14,12,0.857142857,1,0,11,0,0,0,0,0,0,0,0,0,0,0,0
2021/01/19,19,48,74,26,0.351351351,4,0,20,0,2,0,0,0,0,0,0,0,0,0,0
2021/01/20,20,4,14,0,0,0,0,0,0,0,0,0,0,0,0,0,0,0,0,0
2021/01/21,18,55,234,197,0.841880342,39,0,142,3,5,0,8,0,0,0,0,0,0,0,0
2021/01/22,10,1,2,3,1.5,0,1,2,0,0,0,0,0,0,0,0,0,0,0,0
2021/01/23,11,38,36,13,0.361111111,1,0,10,0,2,0,0,0,0,0,0,0,0,0,0
2021/01/23,12,0,19,6,0.315789474,1,0,5,0,0,0,0,0,0,0,0,0,0,0,0
2021/01/24,10,13,12,2,0.166666667,0,0,2,0,0,0,0,0,0,0,0,0,0,0,0
2021/01/24,16,20,21,20,0.952380952,1,1,18,0,0,0,0,0,0,0,0,0,0,0,0
2021/01/25,18,49,85,17,0.2,5,0,10,0,0,0,2,0,0,0,0,0,0,0,0
2021/01/25,19,10,64,19,0.296875,2,0,16,0,0,0,0,0,0,0,0,0,0,1,1
2021/01/25,21,0,2,1,0.5,0,1,0,0,0,0,0,0,0,0,0,0,0,0,0
2021/01/26,18,58,13,3,0.230769231,0,0,3,0,0,0,0,0,0,0,0,0,0,0,0
2021/01/27,19,39,77,1,0.012987013,0,0,1,0,0,0,0,0,0,0,0,0,0,0,0
2021/01/27,20,48,30,19,0.633333333,2,0,13,0,4,0,0,0,0,0,0,0,0,0,0
2021/01/27,21,18,18,5,0.277777778,1,0,2,2,0,0,0,0,0,0,0,0,0,0,0
2021/01/28,21,18,33,3,0.090909091,0,0,3,0,0,0,0,0,0,0,0,0,0,0,0
2021/01/30,16,8,15,10,0.666666667,2,0,8,0,0,0,0,0,0,0,0,0,0,0,0
2021/01/30,17,15,1,1,1,0,0,1,0,0,0,0,0,0,0,0,0,0,0,0
2021/02/01,17,46,13,3,0.230769231,0,0,3,0,0,0,0,0,0,0,0,0,0,0,0
2021/02/04,22,51,26,15,0.576923077,0,0,15,0,0,0,0,0,0,0,0,0,0,1,0
2021/02/05,17,42,17,2,0.117647059,0,0,2,0,0,0,0,0,0,0,0,0,0,1,0
2021/02/07,18,45,16,23,1.4375,2,0,21,0,0,0,0,0,0,0,0,0,0,0,0
2021/02/08,18,1,15,1,0.066666667,0,0,1,0,0,0,0,0,0,0,0,0,0,0,0
2021/02/10,19,32,17,13,0.764705882,3,0,10,0,0,0,0,0,0,0,0,0,0,0,0
2021/02/12,19,44,16,27,1.6875,1,0,26,0,0,0,0,0,0,0,0,0,0,0,0
2021/02/13,20,54,80,20,0.25,0,0,15,0,0,0,0,0,0,0,0,0,0,32,5
2021/02/17,20,34,176,16,0.090909091,2,0,10,0,0,0,4,0,0,0,0,0,0,0,0
2021/02/17,20,44,87,14,0.16091954,4,0,10,0,0,0,0,0,0,0,0,0,0,16,0
2021/02/19,18,44,65,14,0.215384615,1,0,10,1,0,0,2,0,0,0,0,0,0,0,0
2021/02/21,20,52,16,4,0.25,0,1,3,0,0,0,0,0,0,0,0,0,0,0,0
2021/02/22,20,21,157,16,0.101910828,0,0,5,4,0,0,0,0,0,0,0,0,0,67,7
2021/02/23,18,52,15,8,0.533333333,1,0,7,0,0,0,0,0,0,0,0,0,0,0,0
2021/02/24,18,31,28,12,0.428571429,0,0,12,0,0,0,0,0,0,0,0,0,0,0,0
2021/02/25,17,27,84,13,0.154761905,1,0,11,0,0,0,1,0,0,0,0,0,0,0,0
2021/03/03,17,8,404,88,0.217821782,15,0,43,23,4,0,3,0,0,0,0,0,0,0,0
2021/03/03,22,50,18,7,0.388888889,1,1,5,0,0,0,0,0,0,0,0,0,0,0,0
2021/03/03,22,57,7,2,0.285714286,0,1,1,0,0,0,0,0,0,0,0,0,0,0,0
2021/03/04,20,33,24,22,0.916666667,1,1,20,0,0,0,0,0,0,0,0,0,0,0,0
2021/03/06,19,21,99,27,0.272727273,7,0,19,0,1,0,0,0,0,0,0,0,0,0,0
2021/03/10,17,26,384,76,0.197916667,16,1,28,20,0,0,11,0,0,0,0,0,0,0,0
2021/03/10,17,27,27,11,0.407407407,1,1,6,0,3,0,0,0,0,0,0,0,0,0,0
2021/03/10,17,28,28,10,0.357142857,2,0,7,0,1,0,0,0,0,0,0,0,0,0,0
2021/03/13,14,30,11,6,0.545454545,0,0,6,0,0,0,0,0,0,0,0,0,0,0,0
2021/03/17,18,1,21,14,0.666666667,0,0,14,0,0,0,0,0,0,0,0,0,0,0,0
2021/03/17,19,8,15,1,0.066666667,0,0,1,0,0,0,0,0,0,0,0,0,0,0,0
2021/03/21,17,8,33,14,0.424242424,3,0,11,0,0,0,0,0,0,0,0,0,0,0,0
2021/03/25,17,7,20,17,0.85,1,0,16,0,0,0,0,0,0,0,0,0,0,0,0
2021/03/28,18,23,14,13,0.928571429,0,0,13,0,0,0,0,0,0,0,0,0,0,0,0
2021/03/30,16,59,30,36,1.2,3,0,31,0,0,0,2,0,0,0,0,0,0,0,0
2021/04/04,18,40,37,20,0.540540541,1,0,17,0,0,0,2,0,0,0,0,0,0,0,0
2021/04/06,17,6,19,10,0.526315789,1,0,8,0,1,0,0,0,0,0,0,0,0,0,0
2021/04/09,17,3,31,22,0.709677419,1,0,21,0,0,0,0,0,0,0,0,0,0,0,0
2021/04/12,22,19,39,29,0.743589744,3,0,26,0,0,0,0,0,0,0,0,0,0,0,0
2021/04/13,18,0,14,3,0.214285714,0,0,3,0,0,0,0,0,0,0,0,0,0,0,0
2021/04/13,20,58,41,14,0.341463415,1,0,13,0,0,0,0,0,0,0,0,0,0,1,0
2021/04/15,21,34,55,13,0.236363636,0,0,10,0,0,0,1,0,0,0,0,0,0,2,2
2021/04/16,18,38,27,21,0.777777778,2,0,19,0,0,0,0,0,0,0,0,0,0,0,0
2021/04/20,22,6,23,5,0.217391304,0,0,5,0,0,0,0,0,0,0,0,0,0,0,0
2021/04/23,21,58,96,24,0.25,1,0,22,1,0,0,0,0,0,0,0,0,0,0,0
2021/04/28,19,40,32,24,0.75,0,0,24,0,0,0,0,0,0,0,0,0,0,0,0
2021/04/29,18,7,42,28,0.666666667,5,1,21,0,0,0,1,0,0,0,0,0,0,0,0
2021/04/30,20,51,25,9,0.36,1,0,8,0,0,0,0,0,0,0,0,0,0,0,0
2021/05/21,12,33,23,6,0.260869565,0,0,6,0,0,0,0,0,0,0,0,0,0,0,0
2021/05/21,20,30,43,108,2.511627907,23,0,83,2,0,0,0,0,0,0,0,0,0,0,0
2021/05/21,21,48,68,43,0.632352941,8,0,35,0,0,0,0,0,0,0,0,0,0,0,0
2021/05/21,22,7,1,2,2,0,1,1,0,0,0,0,0,0,0,0,0,0,0,0
2021/05/23,19,59,78,204,2.615384615,19,1,183,1,0,0,0,0,0,0,0,0,0,0,0
2021/05/24,18,17,182,94,0.516483516,14,1,74,3,1,0,1,0,0,0,0,0,0,0,0
2021/05/25,18,34,5,1,0.2,0,0,1,0,0,0,0,0,0,0,0,0,0,0,0
2021/05/25,18,51,21,31,1.476190476,4,0,27,0,0,0,0,0,0,0,0,0,0,0,0
2021/05/26,19,46,34,40,1.176470588,2,1,37,0,0,0,0,0,0,0,0,0,0,0,0
2021/05/27,20,1,31,48,1.548387097,5,0,43,0,0,0,0,0,0,0,0,0,0,0,0
2021/05/27,21,12,585,277,0.473504274,39,3,198,18,0,0,19,0,0,0,0,0,0,0,0
2021/05/27,23,43,2,2,1,0,1,1,0,0,0,0,0,0,0,0,0,0,0,0
2021/05/29,18,26,103,49,0.475728155,4,0,41,1,0,0,0,0,0,0,0,0,0,3,3
2021/05/29,19,21,138,113,0.81884058,11,0,87,0,0,0,2,0,0,0,0,0,0,37,13
2021/05/29,20,15,37,45,1.216216216,8,0,35,0,2,0,0,0,0,0,0,0,0,0,0
2021/05/30,18,16,26,12,0.461538462,3,0,9,0,0,0,0,0,0,0,0,0,0,0,0
2021/05/30,19,40,101,109,1.079207921,18,0,91,0,0,0,0,0,0,0,0,0,0,0,0
2021/05/30,23,21,34,29,0.852941176,4,0,25,0,0,0,0,0,0,0,0,0,0,0,0
2021/05/30,23,36,62,42,0.677419355,7,0,35,0,0,0,0,0,0,0,0,0,0,0,0
2021/05/31,19,32,91,25,0.274725275,3,0,22,0,0,0,0,0,0,0,0,0,0,0,0
2021/05/31,20,28,158,59,0.373417722,9,0,46,1,0,0,0,0,0,0,0,0,0,52,3
2021/05/31,22,21,39,44,1.128205128,6,0,38,0,0,0,0,0,0,0,0,0,0,0,0
2021/06/01,18,49,51,74,1.450980392,8,0,66,0,0,0,0,0,0,0,0,0,0,0,0
2021/06/02,19,31,64,67,1.046875,9,3,54,0,0,0,1,0,0,0,0,0,0,0,0
2021/06/03,19,22,62,31,0.5,3,0,28,0,0,0,0,0,0,0,0,0,0,0,0
2021/06/04,19,27,315,288,0.914285714,28,0,243,7,0,0,0,0,0,0,0,0,0,58,10
2021/06/04,20,11,26,31,1.192307692,2,0,29,0,0,0,0,0,0,0,0,0,0,0,0
2021/06/04,20,56,85,141,1.658823529,26,0,112,0,2,0,1,0,0,0,0,0,0,0,0
2021/06/05,19,26,170,156,0.917647059,13,0,137,0,0,0,0,0,0,0,0,0,0,22,6
2021/06/05,20,29,145,84,0.579310345,17,0,59,7,1,0,0,0,0,0,0,0,0,0,0
2021/06/06,18,46,141,50,0.354609929,7,0,38,5,0,0,0,0,0,0,0,0,0,0,0
2021/06/06,20,1,112,69,0.616071429,9,0,53,2,0,0,0,0,0,0,0,0,0,29,5
2021/06/07,20,55,37,38,1.027027027,2,0,36,0,0,0,0,0,0,0,0,0,0,0,0
2021/06/07,21,8,59,113,1.915254237,15,0,98,0,0,0,0,0,0,0,0,0,0,0,0
2021/06/08,20,40,50,41,0.82,6,0,35,0,0,0,0,0,0,0,0,0,0,0,0
2021/06/08,22,21,0,4,Infinity,0,2,2,0,0,0,0,0,0,0,0,0,0,0,0
2021/06/08,22,23,0,2,Infinity,0,1,1,0,0,0,0,0,0,0,0,0,0,0,0
2021/06/08,22,39,2,2,1,0,1,1,0,0,0,0,0,0,0,0,0,0,0,0
2021/06/08,22,41,1,1,1,0,0,1,0,0,0,0,0,0,0,0,0,0,0,0
2021/06/10,18,56,194,90,0.463917526,9,0,61,10,0,0,5,0,0,0,0,0,0,5,5
2021/06/10,21,35,116,71,0.612068966,4,0,48,0,0,0,8,0,0,0,0,0,0,23,11
2021/06/10,21,58,1,3,3,0,1,2,0,0,0,0,0,0,0,0,0,0,0,0
2021/06/10,22,14,5,1,0.2,0,0,1,0,0,0,0,0,0,0,0,0,0,0,0
2021/06/11,19,57,230,94,0.408695652,9,0,75,3,0,0,0,0,0,0,0,0,0,46,7
2021/06/11,20,50,22,18,0.818181818,2,0,16,0,0,0,0,0,0,0,0,0,0,0,0
2021/06/11,22,1,128,294,2.296875,25,1,262,4,0,0,2,0,0,0,0,0,0,0,0
2021/06/12,13,6,1,3,3,0,1,2,0,0,0,0,0,0,0,0,0,0,0,0
2021/06/12,19,24,652,455,0.697852761,28,1,365,12,0,0,8,0,0,0,0,0,0,173,41
2021/06/12,19,59,77,50,0.649350649,8,0,42,0,0,0,0,0,0,0,0,0,0,0,0
2021/06/12,23,1,2,4,2,0,1,3,0,0,0,0,0,0,0,0,0,0,0,0
2021/06/13,13,39,39,24,0.615384615,5,0,19,0,0,0,0,0,0,0,0,0,0,0,0
2021/06/14,18,56,31,39,1.258064516,4,0,35,0,0,0,0,0,0,0,0,0,0,0,0
2021/06/14,19,51,207,213,1.028985507,39,0,167,0,5,0,2,0,0,0,0,0,0,0,0
2021/06/14,21,37,21,29,1.380952381,1,0,26,2,0,0,0,0,0,0,0,0,0,0,0
2021/06/15,18,51,29,42,1.448275862,1,0,41,0,0,0,0,0,0,0,0,0,0,0,0
2021/06/15,21,8,303,235,0.775577558,63,0,166,4,0,0,2,0,0,0,0,0,0,4,0
2021/06/16,18,53,20,18,0.9,0,0,16,0,2,0,0,0,0,0,0,0,0,0,0
2021/06/16,22,27,65,67,1.030769231,10,0,55,2,0,0,0,0,0,0,0,0,0,0,0
2021/06/17,18,50,66,57,0.863636364,8,0,49,0,0,0,0,0,0,0,0,0,0,0,0
2021/06/18,17,55,35,51,1.457142857,5,1,44,1,0,0,0,0,0,0,0,0,0,0,0
2021/06/18,18,31,1,1,1,0,0,1,0,0,0,0,0,0,0,0,0,0,0,0
2021/06/18,18,58,68,80,1.176470588,16,0,64,0,0,0,0,0,0,0,0,0,0,0,0
2021/06/19,13,23,57,39,0.684210526,3,0,36,0,0,0,0,0,0,0,0,0,0,0,0
2021/06/19,21,13,22,22,1,5,0,17,0,0,0,0,0,0,0,0,0,0,0,0
2021/06/20,18,3,268,186,0.694029851,30,0,151,0,0,0,4,0,0,0,0,0,0,1,1
2021/06/20,19,9,115,81,0.704347826,8,0,68,0,0,0,0,0,0,0,0,0,0,18,5
2021/06/20,20,41,33,59,1.787878788,13,0,46,0,0,0,0,0,0,0,0,0,0,0,0
2021/06/21,18,0,27,44,1.62962963,10,0,34,0,0,0,0,0,0,0,0,0,0,0,0
2021/06/21,19,59,40,51,1.275,4,1,43,0,2,0,1,0,0,0,0,0,0,0,0
2021/06/21,20,22,0,3,Infinity,0,0,3,0,0,0,0,0,0,0,0,0,0,0,0
2021/06/22,18,36,34,41,1.205882353,4,0,37,0,0,0,0,0,0,0,0,0,0,0,0
2021/06/22,19,51,98,89,0.908163265,6,0,78,0,0,0,2,0,0,0,0,0,0,21,3
2021/06/23,18,11,49,19,0.387755102,2,0,17,0,0,0,0,0,0,0,0,0,0,0,0
2021/06/23,20,3,157,81,0.515923567,10,0,62,0,0,0,0,0,0,0,0,0,0,40,9
2021/06/24,19,56,29,14,0.482758621,2,0,12,0,0,0,0,0,0,0,0,0,0,0,0
2021/06/24,21,19,110,67,0.609090909,5,1,59,2,0,0,0,0,0,0,0,0,0,0,0
2021/06/25,22,0,25,6,0.24,1,0,5,0,0,0,0,0,0,0,0,0,0,0,0
2021/06/25,23,7,5,7,1.4,0,1,6,0,0,0,0,0,0,0,0,0,0,0,0
2021/06/27,20,2,92,69,0.75,7,3,58,0,0,0,1,0,0,0,0,0,0,0,0
2021/06/27,20,24,5,2,0.4,0,1,1,0,0,0,0,0,0,0,0,0,0,0,0
2021/06/27,21,7,38,81,2.131578947,13,0,68,0,0,0,0,0,0,0,0,0,0,0,0
2021/06/28,18,30,99,81,0.818181818,5,1,74,0,0,0,1,0,0,0,0,0,0,0,0
2021/06/28,19,43,89,156,1.752808989,14,1,138,2,0,0,1,0,0,0,0,0,0,0,0
2021/06/28,19,57,2,1,0.5,0,0,1,0,0,0,0,0,0,0,0,0,0,0,0
2021/06/28,6,55,2,1,0.5,0,1,0,0,0,0,0,0,0,0,0,0,0,0,0
2021/06/29,19,56,37,34,0.918918919,3,0,31,0,0,0,0,0,0,0,0,0,0,0,0
2021/06/30,18,26,89,94,1.056179775,12,1,80,0,1,0,0,0,0,0,0,0,0,0,0
2021/07/02,19,35,291,114,0.391752577,13,0,86,5,0,0,10,0,0,0,0,0,0,0,0
2021/07/02,19,36,102,57,0.558823529,7,0,50,0,0,0,0,0,0,0,0,0,0,0,0
2021/07/02,20,54,1,1,1,0,1,0,0,0,0,0,0,0,0,0,0,0,0,0
2021/07/02,21,28,3,1,0.333333333,0,1,0,0,0,0,0,0,0,0,0,0,0,0,0
2021/07/02,22,45,50,56,1.12,4,0,49,1,0,0,2,0,0,0,0,0,0,0,0
2021/07/03,18,36,54,86,1.592592593,14,0,71,0,1,0,0,0,0,0,0,0,0,0,0
2021/07/03,19,56,46,40,0.869565217,0,0,40,0,0,0,0,0,0,0,0,0,0,0,0
2021/07/03,20,37,401,206,0.513715711,14,1,139,1,0,0,7,0,0,0,0,0,0,123,44
2021/07/04,18,37,161,323,2.00621118,31,5,261,5,0,0,21,0,0,0,0,0,0,0,0
2021/07/04,19,32,49,87,1.775510204,8,4,72,0,0,0,3,0,0,0,0,0,0,0,0
2021/07/04,21,11,317,512,1.615141956,56,1,446,4,0,0,5,0,0,0,0,0,0,0,0
2021/07/04,23,11,4,3,0.75,0,0,3,0,0,0,0,0,0,0,0,0,0,0,0
2021/07/04,6,32,1,4,4,1,0,3,0,0,0,0,0,0,0,0,0,0,0,0
2021/07/05,19,26,560,365,0.651785714,56,1,279,8,0,0,15,0,0,0,0,0,0,7,6
2021/07/06,18,44,130,57,0.438461538,3,0,52,1,0,0,1,0,0,0,0,0,0,0,0
2021/07/06,20,7,32,33,1.03125,0,0,31,2,0,0,0,0,0,0,0,0,0,0,0
2021/07/07,19,34,65,295,4.538461538,28,0,267,0,0,0,0,0,0,0,0,0,0,0,0
2021/07/08,18,37,63,36,0.571428571,2,0,33,0,0,0,1,0,0,0,0,0,0,0,0
2021/07/08,20,16,30,35,1.166666667,5,0,28,0,0,0,2,0,0,0,0,0,0,0,0
2021/07/09,19,47,34,23,0.676470588,0,0,23,0,0,0,0,0,0,0,0,0,0,0,0
2021/07/09,20,48,49,113,2.306122449,10,0,102,0,0,0,1,0,0,0,0,0,0,0,0
2021/07/09,22,12,85,93,1.094117647,12,1,80,0,0,0,0,0,0,0,0,0,0,1,0
2021/07/09,23,0,0,4,Infinity,0,1,3,0,0,0,0,0,0,0,0,0,0,0,0
2021/07/10,17,58,91,28,0.307692308,2,0,26,0,0,0,0,0,0,0,0,0,0,0,0
2021/07/10,21,17,23,25,1.086956522,0,0,25,0,0,0,0,0,0,0,0,0,0,0,0
2021/07/11,18,59,3929,569,0.144820565,121,1,305,34,1,49,56,0,0,0,0,0,0,2,2
2021/07/12,21,18,56,37,0.660714286,1,0,36,0,0,0,0,0,0,0,0,0,0,0,0
2021/07/14,20,5,515,151,0.293203883,9,0,67,16,0,0,6,0,0,0,0,0,0,151,53
2021/07/14,20,54,160,276,1.725,37,0,239,0,0,0,0,0,0,0,0,0,0,0,0
2021/07/15,18,57,298,133,0.446308725,11,1,95,6,14,0,6,0,0,0,0,0,0,0,0
2021/07/15,20,25,1,1,1,0,0,1,0,0,0,0,0,0,0,0,0,0,0,0
2021/07/16,21,4,305,21,0.068852459,3,0,14,2,0,2,0,0,0,0,0,0,0,0,0
2021/07/17,18,32,425,512,1.204705882,63,0,441,0,0,0,3,0,0,0,0,0,0,5,5
2021/07/17,22,11,25,22,0.88,0,0,22,0,0,0,0,0,0,0,0,0,0,0,0
2021/07/18,17,53,46,78,1.695652174,6,0,72,0,0,0,0,0,0,0,0,0,0,0,0
2021/07/19,18,26,49,54,1.102040816,4,1,48,0,0,0,1,0,0,0,0,0,0,0,0
2021/07/20,20,13,37,45,1.216216216,3,0,42,0,0,0,0,0,0,0,0,0,0,0,0
2021/07/20,21,13,103,99,0.961165049,17,0,82,0,0,0,0,0,0,0,0,0,0,0,0
2021/07/21,13,16,78,205,2.628205128,32,0,173,0,0,0,0,0,0,0,0,0,0,0,0
2021/07/22,18,36,179,25,0.139664804,2,0,23,0,0,0,0,0,0,0,0,0,0,0,0
2021/07/23,12,3,74,23,0.310810811,5,0,18,0,0,0,0,0,0,0,0,0,0,0,0
2021/07/23,18,10,384,270,0.703125,32,1,190,4,0,0,25,0,0,0,0,0,0,21,18
2021/07/24,18,23,125,70,0.56,8,0,60,0,1,0,1,0,0,0,0,0,0,0,0
2021/07/25,18,40,60,32,0.533333333,6,0,26,0,0,0,0,0,0,0,0,0,0,0,0
2021/07/25,19,43,146,155,1.061643836,20,0,133,2,0,0,0,0,0,0,0,0,0,0,0
2021/07/27,20,39,102,319,3.12745098,52,0,267,0,0,0,0,0,0,0,0,0,0,0,0
2021/07/29,20,57,108,154,1.425925926,12,0,141,0,0,0,1,0,0,0,0,0,0,0,0
2021/07/29,21,26,91,81,0.89010989,7,0,73,1,0,0,0,0,0,0,0,0,0,0,0
2021/07/29,22,49,76,53,0.697368421,8,0,45,0,0,0,0,0,0,0,0,0,0,0,0
2021/07/31,12,41,47,111,2.361702128,27,0,84,0,0,0,0,0,0,0,0,0,0,0,0
2021/07/31,21,17,408,150,0.367647059,21,0,72,29,21,2,5,0,0,0,0,0,0,0,0
2021/08/01,18,17,77,225,2.922077922,24,0,201,0,0,0,0,0,0,0,0,0,0,0,0
2021/08/01,19,54,50,50,1,8,1,37,2,0,0,2,0,0,0,0,0,0,0,0
2021/08/04,20,0,92,73,0.793478261,7,1,58,0,0,0,7,0,0,0,0,0,0,0,0
2021/08/04,20,39,134,116,0.865671642,15,0,99,0,0,0,2,0,0,0,0,0,0,0,0
2021/08/04,21,51,57,23,0.403508772,1,0,22,0,0,0,0,0,0,0,0,0,0,0,0
2021/08/06,21,42,31,70,2.258064516,5,1,64,0,0,0,0,0,0,0,0,0,0,0,0
2021/08/09,17,57,36,34,0.944444444,5,0,29,0,0,0,0,0,0,0,0,0,0,0,0
2021/08/09,18,39,47,17,0.361702128,3,0,14,0,0,0,0,0,0,0,0,0,0,0,0
2021/08/10,20,14,68,42,0.617647059,3,0,39,0,0,0,0,0,0,0,0,0,0,0,0
2021/08/10,21,53,124,38,0.306451613,4,0,34,0,0,0,0,0,0,0,0,0,0,0,0
2021/08/12,20,2,121,202,1.669421488,22,1,174,2,0,0,3,0,0,0,0,0,0,0,0
2021/08/12,21,5,4,9,2.25,2,0,7,0,0,0,0,0,0,0,0,0,0,0,0
2021/08/14,19,14,188,194,1.031914894,47,0,125,6,16,0,0,0,0,0,0,0,0,0,0
2021/08/14,21,59,152,456,3,62,2,387,3,0,0,2,0,0,0,0,0,0,0,0
2021/08/14,22,6,5,6,1.2,0,1,5,0,0,0,0,0,0,0,0,0,0,0,0
2021/08/15,16,44,82,158,1.926829268,14,0,144,0,0,0,0,0,0,0,0,0,0,0,0
2021/08/16,18,18,74,42,0.567567568,1,4,37,0,0,0,0,0,0,0,0,0,0,0,0
2021/08/18,18,13,72,32,0.444444444,3,0,29,0,0,0,0,0,0,0,0,0,0,0,0
2021/08/19,21,22,380,231,0.607894737,23,3,196,0,0,0,9,0,0,0,0,0,0,0,0
2021/08/20,21,22,82,38,0.463414634,2,0,34,2,0,0,0,0,0,0,0,0,0,0,0
2021/08/21,18,50,74,47,0.635135135,4,0,43,0,0,0,0,0,0,0,0,0,0,1,0
2021/08/24,18,35,52,24,0.461538462,1,0,23,0,0,0,0,0,0,0,0,0,0,0,0
2021/08/25,20,27,435,394,0.905747126,27,0,320,9,0,0,3,0,0,0,0,0,0,122,35
2021/08/26,20,20,140,211,1.507142857,39,1,164,1,0,0,6,0,0,0,0,0,0,0,0
2021/08/26,21,17,49,10,0.204081633,0,1,9,0,0,0,0,0,0,0,0,0,0,0,0
2021/08/27,18,12,180,108,0.6,9,0,90,0,2,0,1,0,0,0,0,0,0,6,6
2021/08/28,18,59,163,91,0.558282209,6,0,80,2,0,0,3,0,0,0,0,0,0,0,0
2021/08/28,20,37,72,146,2.027777778,25,0,121,0,0,0,0,0,0,0,0,0,0,0,0
2021/08/31,18,22,166,68,0.409638554,4,0,60,1,0,0,2,0,0,0,0,0,0,1,1
2021/09/02,18,24,73,51,0.698630137,4,0,47,0,0,0,0,0,0,0,0,0,0,0,0
2021/09/02,19,48,53,19,0.358490566,0,0,19,0,0,0,0,0,0,0,0,0,0,0,0
2021/09/04,20,40,84,58,0.69047619,3,0,55,0,0,0,0,0,0,0,0,0,0,1,0
2021/09/05,20,5,57,62,1.087719298,8,0,50,0,3,0,1,0,0,0,0,0,0,0,0
2021/09/06,21,34,127,56,0.440944882,7,0,49,0,0,0,0,0,0,0,0,0,0,0,0
2021/09/08,18,22,62,68,1.096774194,5,0,58,2,0,0,3,0,0,0,0,0,0,0,0
2021/09/10,20,21,185,122,0.659459459,13,0,107,0,0,0,2,0,0,0,0,0,0,0,0
2021/09/10,21,33,56,112,2,16,0,95,0,1,0,0,0,0,0,0,0,0,0,0
2021/09/13,20,16,3907,6374,1.631430765,724,16,5157,282,1,0,135,0,0,0,0,0,0,59,59
2021/09/13,21,40,0,3,Infinity,0,0,3,0,0,0,0,0,0,0,0,0,0,0,0
2021/09/13,23,13,81,11,0.135802469,0,0,6,5,0,0,0,0,0,0,0,0,0,0,0
2021/09/14,9,56,128,13,0.1015625,0,0,7,6,0,0,0,0,0,0,0,0,0,0,0
2021/09/17,18,15,520,183,0.351923077,20,1,134,3,4,0,11,0,0,0,0,0,0,10,10
2021/09/17,18,39,66,46,0.696969697,3,0,43,0,0,0,0,0,0,0,0,0,0,0,0
2021/09/18,18,27,174,70,0.402298851,7,0,62,0,0,0,0,0,0,0,0,0,0,0,1
2021/09/23,21,2,506,209,0.413043478,27,1,161,4,0,0,2,0,0,0,0,0,0,14,14
2021/09/24,22,9,73,68,0.931506849,9,3,54,0,0,0,2,0,0,0,0,0,0,0,0
2021/09/24,23,24,4,1,0.25,0,0,1,0,0,0,0,0,0,0,0,0,0,0,0
2021/09/27,22,10,238,207,0.869747899,24,0,182,0,0,0,1,0,0,0,0,0,0,1,0
2021/09/29,18,22,83,150,1.807228916,20,2,127,0,1,0,0,0,0,0,0,0,0,0,0
2021/09/29,19,47,1,0,0,0,0,0,0,0,0,0,0,0,0,0,0,0,0,0
2021/10/08,19,18,126,32,0.253968254,2,0,30,0,0,0,0,0,0,0,0,0,0,0,0
2021/10/10,18,43,125,61,0.488,4,0,56,1,0,0,0,0,0,0,0,0,0,0,0
2021/10/15,19,28,98,91,0.928571429,7,0,83,0,0,0,1,0,0,0,0,0,0,0,0
2021/10/19,20,7,154,324,2.103896104,31,1,288,1,0,0,3,0,0,0,0,0,0,0,0
2021/10/19,20,32,6,8,1.333333333,0,1,7,0,0,0,0,0,0,0,0,0,0,0,0
2021/10/22,19,0,120,66,0.55,4,0,62,0,0,0,0,0,0,0,0,0,0,0,0
2021/10/25,19,42,437,517,1.183066362,20,0,487,5,0,0,4,0,0,0,0,0,0,1,1
2021/10/25,21,11,91,139,1.527472527,11,0,124,4,0,0,0,0,0,0,0,0,0,0,0
2021/10/27,18,23,127,279,2.196850394,19,2,256,0,0,0,2,0,0,0,0,0,0,0,0
2021/10/27,18,40,70,57,0.814285714,0,0,56,0,0,0,1,0,0,0,0,0,0,0,0
2021/10/28,18,30,85,68,0.8,6,2,58,0,0,0,2,0,0,0,0,0,0,0,0
2021/10/28,21,40,83,58,0.698795181,3,0,55,0,0,0,0,0,0,0,0,0,0,0,0
2021/10/28,21,57,330,245,0.742424242,27,1,208,0,0,0,9,0,0,0,0,0,0,0,0
2021/10/29,18,55,134,98,0.731343284,5,0,93,0,0,0,0,0,0,0,0,0,0,0,0
2021/10/31,9,36,142,64,0.450704225,7,0,42,11,2,0,2,0,0,0,0,0,0,0,0
2021/10/31,13,4,78,24,0.307692308,4,0,20,0,0,0,0,0,0,0,0,0,0,0,0
2021/10/31,18,15,140,105,0.75,12,1,89,1,2,0,0,0,0,0,0,0,0,0,0
2021/11/01,20,21,458,308,0.672489083,34,2,247,4,0,0,12,0,0,0,0,0,0,9,9
2021/11/02,21,2,565,185,0.327433628,17,0,146,12,0,0,8,0,0,0,0,0,0,2,2
2021/11/05,19,32,147,199,1.353741497,15,1,177,4,0,1,1,0,0,0,0,0,0,0,0
2021/11/05,20,31,59221,9017,0.152260178,1213,39,6306,594,53,0,276,0,0,0,0,0,0,536,536
2021/11/05,20,47,824,2076,2.519417476,210,13,1814,25,0,0,14,0,0,0,0,0,0,0,0
2021/11/05,22,14,6,3,0.5,0,1,2,0,0,0,0,0,0,0,0,0,0,0,0
2021/11/05,22,16,2,1,0.5,0,0,1,0,0,0,0,0,0,0,0,0,0,0,0
2021/11/06,10,51,643,5,0.00777605,0,0,2,3,0,0,0,0,0,0,0,0,0,0,0
2021/11/06,12,27,13,3,0.230769231,0,0,2,1,0,0,0,0,0,0,0,0,0,0,0
2021/11/07,18,24,1406,919,0.653627312,123,1,730,23,35,0,7,0,0,0,0,0,0,0,0
2021/11/07,19,50,145,89,0.613793103,3,0,49,24,0,0,13,0,0,0,0,0,0,3,0
2021/11/08,18,51,235,209,0.889361702,15,1,163,8,0,0,22,0,0,0,0,0,0,0,0
2021/11/08,19,59,84,99,1.178571429,8,2,89,0,0,0,0,0,0,0,0,0,0,0,0
2021/11/08,21,37,3,0,0,0,0,0,0,0,0,0,0,0,0,0,0,0,0,0
2021/11/08,21,38,2,2,1,0,0,2,0,0,0,0,0,0,0,0,0,0,0,0
2021/11/09,18,25,431,393,0.911832947,47,0,328,8,3,0,7,0,0,0,0,0,0,0,0
2021/11/11,17,48,209,158,0.755980861,19,0,135,0,4,0,0,0,0,0,0,0,0,0,0
2021/11/11,19,56,329,102,0.310030395,14,1,81,4,0,0,2,0,0,0,0,0,0,0,0
2021/11/11,20,16,9,3,0.333333333,0,1,2,0,0,0,0,0,0,0,0,0,0,0,0
2021/11/15,18,45,194,255,1.31443299,17,0,236,0,0,0,2,0,0,0,0,0,0,0,0
2021/11/16,12,47,3,3,1,0,1,2,0,0,0,0,0,0,0,0,0,0,0,0
2021/11/16,18,32,270,417,1.544444444,9,1,396,1,0,0,5,0,0,0,0,0,0,5,5
2021/11/16,19,55,648,358,0.552469136,51,3,283,8,0,0,12,0,0,0,0,0,0,1,1
2021/11/18,20,50,336,158,0.470238095,22,2,125,0,0,0,9,0,0,0,0,0,0,0,0
2021/11/18,20,59,119,50,0.420168067,7,1,32,5,0,0,5,0,0,0,0,0,0,0,0
2021/11/20,15,28,375,359,0.957333333,30,0,324,1,0,0,2,0,0,0,0,0,0,2,2
2021/11/21,13,10,230,243,1.056521739,45,1,195,1,0,0,1,0,0,0,0,0,0,0,0
2021/11/23,20,24,263,118,0.448669202,6,0,98,8,0,0,6,0,0,0,0,0,0,0,0
2021/11/23,22,15,202,246,1.217821782,19,1,219,2,0,0,5,0,0,0,0,0,0,0,0
2021/11/26,18,58,142,1024,7.211267606,76,5,941,0,0,0,2,0,0,0,0,0,0,0,0
2021/11/27,23,10,352,1055,2.997159091,92,1,955,4,0,0,3,0,0,0,0,0,0,0,0
2021/11/27,0,6,6,6,1,0,1,5,0,0,0,0,0,0,0,0,0,0,0,0
2021/11/28,17,54,130,41,0.315384615,2,0,35,0,4,0,0,0,0,0,0,0,0,0,0
2021/11/28,19,17,141,208,1.475177305,21,0,184,2,0,0,1,0,0,0,0,0,0,0,0
2021/11/29,19,4,586,548,0.935153584,100,0,438,0,0,0,8,0,0,0,0,0,0,2,2
2021/11/29,20,41,6087,500,0.08214227,32,0,266,16,0,0,175,0,0,0,0,0,0,11,11
2021/11/30,17,5,333,129,0.387387387,19,1,99,2,0,0,8,0,0,0,0,0,0,0,0
2021/12/03,18,52,619,117,0.18901454,10,0,81,0,0,0,3,0,0,0,0,0,0,123,23
2021/12/04,17,38,240,103,0.429166667,3,1,99,0,0,0,0,0,0,0,0,0,0,0,0
2021/12/04,17,43,2,1,0.5,0,1,0,0,0,0,0,0,0,0,0,0,0,0,0
2021/12/05,21,52,128,135,1.0546875,16,2,117,0,0,0,0,0,0,0,0,0,0,0,0
2021/12/05,22,18,1,3,3,0,1,2,0,0,0,0,0,0,0,0,0,0,0,0
2021/12/05,22,28,119,46,0.386554622,3,2,38,0,3,0,0,0,0,0,0,0,0,0,0
2021/12/05,22,31,4,2,0.5,0,1,1,0,0,0,0,0,0,0,0,0,0,0,0
2021/12/05,22,44,84,0,0,0,0,0,0,0,0,0,0,0,0,0,0,0,0,0
2021/12/06,19,5,323,99,0.306501548,10,1,73,0,1,0,8,0,0,0,0,0,0,6,6
2021/12/08,20,9,396,453,1.143939394,49,0,390,4,10,0,0,0,0,0,0,0,0,0,0
2021/12/08,21,10,316,253,0.800632911,22,0,228,2,0,0,1,0,0,0,0,0,0,0,0
2021/12/08,21,23,337,70,0.207715134,10,0,60,0,0,0,0,0,0,0,0,0,0,0,0
2021/12/09,17,55,425,77,0.181176471,6,0,64,4,0,0,3,0,0,0,0,0,0,0,0
2021/12/09,19,48,214,136,0.635514019,16,0,118,0,2,0,0,0,0,0,0,0,0,0,0
2021/12/11,18,46,368,249,0.676630435,30,0,199,0,13,0,7,0,0,0,0,0,0,0,0
2021/12/12,20,9,544,217,0.398897059,23,1,173,2,0,0,18,0,0,0,0,0,0,1,0
2021/12/12,20,44,550,360,0.654545455,52,0,297,3,0,0,8,0,0,0,0,0,0,0,0
2021/12/14,19,51,312,316,1.012820513,27,0,286,2,0,0,1,0,0,0,0,0,0,0,0
2021/12/16,18,29,715,93,0.13006993,8,1,73,0,0,0,8,0,0,0,0,0,0,3,3
2021/12/16,20,15,619,47,0.075928918,3,0,42,0,0,0,0,0,0,0,0,0,0,2,2
2021/12/16,21,2,324,142,0.438271605,11,0,119,8,0,0,4,0,0,0,0,0,0,0,0
2021/12/16,21,21,7,0,0,0,0,0,0,0,0,0,0,0,0,0,0,0,0,0
2021/12/17,20,21,314,202,0.643312102,23,0,171,0,8,0,0,0,0,0,0,0,0,0,0
2021/12/18,19,5,389,67,0.172236504,3,0,59,0,0,0,5,0,0,0,0,0,0,0,0
2021/12/20,16,25,609,242,0.397372742,18,0,202,20,0,0,1,0,0,0,0,0,0,1,1
2021/12/20,18,3,306,27,0.088235294,3,1,18,4,0,0,1,0,0,0,0,0,0,0,0
2021/12/20,20,39,1089,2245,2.061524334,184,25,1968,56,0,0,12,0,0,0,0,0,0,0,0
2021/12/22,18,5,345,168,0.486956522,14,1,146,0,0,0,7,0,0,0,0,0,0,0,0
2021/12/22,19,33,261,87,0.333333333,16,2,69,0,0,0,0,0,0,0,0,0,0,0,0
2021/12/22,22,23,252,172,0.682539683,8,1,151,0,10,0,2,0,0,0,0,0,0,0,0
2021/12/23,13,0,9,2,0.222222222,0,0,2,0,0,0,0,0,0,0,0,0,0,0,0
2021/12/26,17,26,540,280,0.518518519,25,0,247,1,0,0,7,0,0,0,0,0,0,0,0
2021/12/26,19,0,306,117,0.382352941,13,1,101,0,0,0,2,0,0,0,0,0,0,0,0
2021/12/26,20,28,149,30,0.201342282,0,1,22,0,0,0,6,0,1,0,0,0,0,0,0
2021/12/26,20,45,7,2,0.285714286,0,1,1,0,0,0,0,0,0,0,0,0,0,0,0
2021/12/27,20,36,9,2,0.222222222,0,1,1,0,0,0,0,0,0,0,0,0,0,0,0
2022/01/01,16,7,315,132,0.419047619,5,1,123,1,2,0,0,0,0,0,0,0,0,0,0
2022/01/03,11,44,700,798,1.14,33,25,724,2,0,0,14,0,0,0,0,0,0,0,0
2022/01/03,18,24,409,247,0.60391198,21,0,217,0,9,0,0,0,0,0,0,0,0,0,0
2022/01/06,19,49,465,404,0.868817204,43,5,346,2,0,0,8,0,0,0,0,0,0,0,0
2022/01/07,22,0,514,161,0.313229572,13,5,140,0,0,0,2,0,0,0,0,0,0,1,1
2022/01/07,22,2,3,2,0.666666667,0,1,1,0,0,0,0,0,0,0,0,0,0,0,0
2022/01/07,22,5,7,2,0.285714286,0,1,1,0,0,0,0,0,0,0,0,0,0,0,0
2022/01/08,19,11,803,330,0.410958904,29,1,276,2,0,0,3,0,0,0,0,0,0,19,19
2022/01/09,18,49,470,162,0.344680851,18,1,119,0,0,0,24,0,0,0,0,0,0,3,0
2022/01/10,16,24,556,248,0.446043165,7,1,238,1,0,0,1,0,0,0,0,0,0,0,0
2022/01/10,19,6,612,289,0.472222222,35,2,242,0,0,0,10,0,0,0,0,0,0,0,0
2022/01/10,19,13,171,62,0.362573099,7,0,53,0,0,0,2,0,0,0,0,0,0,0,0
2022/01/10,19,58,7,1,0.142857143,0,0,1,0,0,0,0,0,0,0,0,0,0,0,0
2022/01/10,20,3,358,112,0.312849162,7,4,72,2,8,0,19,0,0,0,0,0,0,0,0
2022/01/10,20,27,30,12,0.4,0,1,0,0,0,0,11,0,0,0,0,0,0,0,0
2022/01/10,21,4,22,1,0.045454545,0,0,1,0,0,0,0,0,0,0,0,0,0,0,0
2022/01/10,23,1,444,22,0.04954955,0,1,4,2,1,0,9,0,0,0,0,0,0,5,5
2022/01/11,21,45,262,70,0.267175573,5,0,65,0,0,0,0,0,0,0,0,0,0,0,0
2022/01/13,20,36,635,75,0.118110236,7,0,61,4,0,0,3,0,0,0,0,0,0,7,0
2022/01/13,21,20,437,41,0.09382151,4,1,34,0,0,0,2,0,0,0,0,0,0,0,0
2022/01/14,18,40,257,97,0.377431907,11,0,72,2,9,0,3,0,0,0,0,0,0,0,0
2022/01/14,21,6,220,210,0.954545455,16,0,187,6,0,0,1,0,0,0,0,0,0,0,0
2022/01/15,19,34,426,596,1.399061033,61,1,497,1,32,0,4,0,0,0,0,0,0,0,0
2022/01/16,20,55,325,170,0.523076923,26,2,126,2,5,0,9,0,0,0,0,0,0,0,0
2022/01/17,19,38,240,290,1.208333333,29,0,261,0,0,0,0,0,0,0,0,0,0,0,0
2022/01/19,20,38,672,699,1.040178571,93,6,560,7,24,0,9,0,0,0,0,0,0,0,0
2022/01/20,19,53,272,89,0.327205882,0,0,89,0,0,0,0,0,0,0,0,0,0,0,0
2022/01/21,17,13,376,76,0.20212766,9,1,60,1,0,0,5,0,0,0,0,0,0,0,0
2022/01/23,20,14,288,80,0.277777778,10,1,59,1,0,0,9,0,0,0,0,0,0,0,0
2022/01/25,19,22,298,205,0.687919463,6,0,197,0,0,0,2,0,0,0,0,0,0,0,0
2022/01/25,19,31,7,2,0.285714286,0,1,1,0,0,0,0,0,0,0,0,0,0,0,0
2022/01/26,19,50,349,268,0.767908309,19,2,231,8,0,0,8,0,0,0,0,0,0,0,0
2022/01/26,20,48,556,380,0.683453237,22,3,336,7,0,0,12,0,0,0,0,0,0,0,0
2022/01/26,0,17,14,2,0.142857143,0,1,1,0,0,0,0,0,0,0,0,0,0,0,0
2022/01/27,18,51,312,114,0.365384615,11,0,99,2,0,0,2,0,0,0,0,0,0,0,0
2022/02/01,12,37,696,309,0.443965517,13,0,294,0,0,0,2,0,0,0,0,0,0,0,0
2022/02/01,20,31,334,64,0.191616766,16,1,37,0,0,0,10,0,0,0,0,0,0,0,0
2022/02/02,21,11,510,151,0.296078431,13,0,135,3,0,0,0,0,0,0,0,0,0,0,0
2022/02/03,20,9,276,253,0.916666667,13,1,238,1,0,0,0,0,0,0,0,0,0,0,0
2022/02/04,19,39,334,191,0.571856287,28,2,149,3,7,0,2,0,0,0,0,0,0,0,0
2022/02/07,18,55,359,257,0.715877437,18,0,235,4,0,0,0,0,0,0,0,0,0,0,0
2022/02/08,20,2,974,484,0.496919918,16,6,395,2,0,0,44,0,0,0,0,0,0,21,21
2022/02/08,20,24,39,3,0.076923077,0,1,2,0,0,0,0,0,0,0,0,0,0,0,0
2022/02/11,19,22,379,391,1.031662269,44,0,321,2,21,0,3,0,0,0,0,0,0,0,0
2022/02/12,19,3,617,103,0.166936791,9,0,82,2,0,0,10,0,0,0,0,0,0,0,0
2022/02/13,18,53,623,204,0.327447833,15,1,188,0,0,0,0,0,0,0,0,0,0,0,0
2022/02/13,20,0,76,65,0.855263158,2,0,58,3,0,0,2,0,0,0,0,0,0,0,0
2022/02/18,21,23,353,101,0.28611898,5,1,76,7,6,0,6,0,0,0,0,0,0,0,0
2022/02/19,18,55,765,165,0.215686275,1,1,158,0,0,0,5,0,0,0,0,0,0,0,0
2022/02/19,20,27,318,174,0.547169811,11,1,162,0,0,0,0,0,0,0,0,0,0,0,0
2022/02/25,19,8,688,527,0.765988372,66,0,434,7,0,0,20,0,0,0,0,0,0,0,0
2022/02/27,18,58,464,258,0.556034483,20,3,223,0,0,0,12,0,0,0,0,0,0,0,0
2022/02/28,19,16,465,182,0.391397849,10,1,165,0,0,0,6,0,0,0,0,0,0,0,0
2022/02/28,19,59,387,273,0.705426357,10,0,261,0,0,0,2,0,0,0,0,0,0,0,0
2022/03/01,19,25,405,139,0.343209877,7,1,122,0,0,0,9,0,0,0,0,0,0,0,0
2022/03/01,20,13,17,3,0.176470588,0,1,2,0,0,0,0,0,0,0,0,0,0,0,0
2022/03/06,20,46,401,83,0.206982544,8,0,69,0,2,0,4,0,0,0,0,0,0,0,0
2022/03/06,20,57,1033,199,0.192642788,18,2,164,4,0,0,8,0,0,0,0,0,0,14,3
2022/03/08,16,46,82,30,0.365853659,0,1,23,5,0,0,1,0,0,0,0,0,0,0,0
2022/03/08,20,18,1067,271,0.25398313,5,1,230,1,1,3,27,0,0,0,0,0,0,3,3
2022/03/08,21,40,445,66,0.148314607,5,0,58,0,1,0,2,0,0,0,0,0,0,0,0
2022/03/13,18,57,496,109,0.219758065,3,0,103,0,1,0,2,0,0,0,0,0,0,0,0
2022/03/14,18,48,548,171,0.312043796,13,2,146,0,0,0,10,0,0,0,0,0,0,0,0
2022/03/14,20,3,751,167,0.222370173,15,0,125,5,18,0,4,0,0,0,0,0,0,0,0
2022/03/14,20,38,591,147,0.248730964,8,0,93,2,30,0,14,0,0,0,0,0,0,0,0
2022/03/18,18,53,1185,155,0.130801688,5,0,147,0,0,0,1,0,0,0,0,0,0,2,2
2022/03/25,17,12,1885,1212,0.642970822,46,5,1012,46,1,0,71,0,0,0,0,0,0,31,31
2022/03/26,18,10,1553,1158,0.745653574,223,6,893,11,0,0,25,0,0,0,0,0,0,0,0
2022/03/26,18,25,784,162,0.206632653,22,1,126,0,0,0,13,0,0,0,0,0,0,0,0
2022/04/02,20,0,849,181,0.213191991,10,9,110,5,0,0,47,0,0,0,0,0,0,0,0
2022/04/03,12,8,1447,220,0.152038701,10,0,199,1,0,0,9,0,0,0,0,0,0,1,1
2022/04/11,19,36,2914,1061,0.364104324,84,2,878,37,0,0,57,0,0,0,0,0,0,3,3
2022/04/11,19,38,1408,286,0.203125,27,0,178,3,0,0,78,0,0,0,0,0,0,0,0
2022/04/18,19,9,2150,557,0.259069767,96,4,324,2,0,0,121,0,0,0,0,0,0,10,10
2022/04/18,20,14,1070,1198,1.119626168,64,4,1059,6,0,0,65,0,0,0,0,0,0,0,0
2022/05/03,19,10,2002,183,0.091408591,23,1,130,6,0,0,14,0,0,0,0,0,0,47,9
2022/05/03,19,57,2142,125,0.058356676,9,1,102,0,0,0,13,0,0,0,0,0,0,0,0
2022/05/05,21,48,2778,295,0.106191505,30,0,229,0,0,0,26,0,0,0,0,0,0,42,10
2022/05/16,19,13,1381,293,0.212165098,31,2,211,4,0,0,45,0,0,0,0,0,0,0,0
2022/05/19,18,29,6084,369,0.060650888,20,0,143,95,1,0,69,0,0,0,0,0,0,41,41
2022/05/31,17,47,1823,94,0.051563357,7,0,49,0,31,0,7,0,0,0,0,0,0,0,0
2022/06/04,19,10,4308,752,0.17455896,42,0,338,238,0,0,132,0,0,0,0,0,0,5,2
2022/06/08,21,27,1639,83,0.050640635,5,1,42,0,18,0,17,0,0,0,0,0,0,0,0
2022/06/12,20,53,4414,1265,0.286588129,113,2,884,51,0,0,215,0,0,0,0,0,0,0,0
2022/06/13,19,46,2342,177,0.07557643,16,0,89,1,55,0,16,0,0,0,0,0,0,0,0
2022/06/16,19,55,6593,6748,1.023509783,539,40,5576,29,11,0,442,0,0,0,0,0,0,111,111
2022/06/26,12,42,2475,211,0.085252525,13,0,104,5,50,0,39,0,0,0,0,0,0,0,0
2022/06/29,20,57,2954,328,0.111035884,21,0,176,16,90,0,25,0,0,0,0,0,0,0,0
2022/06/30,19,36,3757,550,0.146393399,33,1,294,19,0,0,203,0,0,0,0,0,0,0,0
2022/07/01,21,35,3433,542,0.157879406,5,1,70,18,0,0,448,0,0,0,0,0,0,2,0
2022/07/04,20,11,6241,1046,0.167601346,86,2,505,69,228,0,156,0,0,0,0,0,0,0,0
2022/07/15,17,23,118,29,0.245762712,0,0,14,15,0,0,0,0,0,0,0,0,0,0,0
2022/07/17,21,57,7213,401,0.055594066,12,0,174,32,0,0,162,0,0,0,0,0,0,93,21
2022/07/19,18,58,4333,266,0.061389338,3,0,64,7,160,0,32,0,0,0,0,0,0,0,0
2022/07/25,18,56,13805,612,0.044331764,2,0,65,73,369,0,103,0,0,0,0,0,0,0,0
2022/07/28,22,0,99679,6671,0.066924829,41,0,558,2517,62,0,488,0,0,0,0,0,0,3005,3005
2022/08/06,20,13,16589,549,0.033094219,9,1,93,68,261,0,117,0,0,0,0,0,0,0,0
2022/08/22,19,26,12566,417,0.033184784,4,0,53,47,248,0,65,0,0,0,0,0,0,0,0
2022/09/09,19,21,22041,1164,0.052810671,23,0,152,113,726,0,150,0,0,0,0,0,0,0,0
2022/09/15,22,28,272626,32347,0.118649725,66,4,1172,25846,0,0,5254,0,0,0,1,0,0,9,4
2022/09/15,22,36,22870,4152,0.181547879,14,1,203,3600,0,0,333,0,0,0,1,0,0,0,0
2022/09/17,13,42,56824,1520,0.026749261,14,1,193,915,0,0,397,0,0,0,0,0,0,1,0
2022/10/06,19,46,28306,1062,0.037518547,15,3,89,240,0,0,713,0,0,0,0,0,0,3,2
2022/10/19,18,36,26355,323,0.012255739,0,0,61,176,2,0,84,0,0,0,0,0,0,0,0
2022/11/03,18,27,101730,3098,0.03045316,13,0,270,2437,8,0,369,0,0,0,1,0,0,0,0
2022/11/06,21,11,9603,439,0.045714881,2,0,17,101,233,0,86,0,0,0,0,0,0,3,0
2022/11/07,19,41,50377,2366,0.046965877,45,0,301,365,39,0,389,0,0,0,0,0,0,1227,1227
2022/11/11,20,38,18581,978,0.052634411,5,0,58,256,19,0,92,0,0,0,1,0,0,6555,547
2022/11/15,22,20,125211,3406,0.027202083,46,7,538,2077,1,0,737,0,0,0,0,0,0,2,0
2022/11/19,20,22,119720,11344,0.094754427,156,8,808,4360,40,0,816,0,0,0,1,0,0,31528,5155
2022/11/30,19,50,33472,1020,0.030473231,31,0,77,240,449,0,223,0,0,0,0,0,0,0,0
2022/12/01,5,55,8190,167,0.02039072,2,0,88,54,0,4,19,0,0,0,0,0,0,0,0
2022/12/02,19,25,44070,1685,0.038234627,12,4,92,612,7,0,954,0,0,0,0,0,0,5,4
2022/12/03,20,13,27145,1358,0.050027629,29,0,173,290,686,0,180,0,0,0,0,0,0,0,0
2022/12/06,20,3,189980,18790,0.098905148,41,2,849,15948,120,0,941,0,0,0,3,0,0,886,886
2022/12/16,20,40,156545,4778,0.030521575,68,7,302,1587,50,0,1553,0,0,0,0,0,0,1213,1211
2022/12/16,22,6,6806,390,0.05730238,1,1,3,370,0,0,15,0,0,0,0,0,0,0,0
2022/12/16,22,6,7058,408,0.057806744,5,1,45,182,0,0,174,0,0,0,0,0,0,1,1
2022/12/17,23,27,467163,36558,0.078255341,558,5,2510,2478,259,0,2825,0,0,0,13,0,0,142425,27910
2022/12/18,12,34,6074,118,0.019427066,1,1,5,54,0,0,57,0,0,0,0,0,0,1,0
2022/12/18,21,10,196,4,0.020408163,0,1,0,2,0,0,1,0,0,0,0,0,0,0,0
2022/12/19,20,37,14186,579,0.040814888,10,0,77,79,377,0,36,0,0,0,0,0,0,0,0
2022/12/27,13,36,18472,330,0.017864877,11,0,102,80,11,10,48,0,0,0,0,0,0,68,68
2022/12/27,19,8,55806,925,0.016575279,18,1,152,185,234,0,199,0,0,0,0,0,0,138,136
2022/12/27,19,9,12033,193,0.016039225,2,0,19,71,1,0,65,0,0,0,0,0,0,35,35
2022/12/29,18,28,118882,6337,0.053304958,37,0,212,340,26,0,397,0,0,0,1,0,0,28731,5324
2022/12/30,20,8,7486,78,0.01041945,4,1,28,11,29,0,5,0,0,0,0,0,0,0,0
2022/12/30,20,8,22333,423,0.018940581,6,1,92,148,125,0,51,0,0,0,0,0,0,0,0
2022/12/30,20,9,7609,323,0.042449731,11,0,82,26,188,0,16,0,0,0,0,0,0,0,0
2022/12/31,19,41672,1110,0.026636591,13,1,273,673,0,0,150,0,0,0,0,0,0,0,0,